N 5TH ST,N,5TH,ST,
N 5TH ST,N,5TH,ST,
N 5TH ST,N,5TH,ST,
N 5TH ST,N,5TH,ST,
S 5TH ST,S,5TH,ST,
S 5TH ST,S,5TH,ST,
S 5TH ST,S,5TH,ST,
S 5TH ST,S,5TH,ST,
N 6TH ST,N,6TH,ST,
N 6TH ST,N,6TH,ST,
S 6TH ST,S,6TH,ST,
S 6TH ST,S,6TH,ST,
S 6TH ST,S,6TH,ST,
S 6TH ST,S,6TH,ST,
291 HWY,,291,HWY,
291 HWY,,291,HWY,
291 HWY,,291,HWY,
291 HWY,,291,HWY,
291 HWY,,291,HWY,
291 HWY,,291,HWY,
291 HWY,,291,HWY,
291 HWY,,291,HWY,
291 HWY,,291,HWY,
291 HWY,,291,HWY,
291 HWY,,291,HWY,
291 HWY,,291,HWY,
291 HWY,,291,HWY,
291 HWY,,291,HWY,
291 HWY,,291,HWY,
291 HWY,,291,HWY,
291 HWY,,291,HWY,
291,,291,,
291,,291,,
291,,291,,
291,,291,,
291,,291,,
291,,291,,
291,,291,,
291,,291,,
291,,291,,
291,,291,,
291,,291,,
291,,291,,
291,,291,,
291,,291,,
291,,291,,
291,,291,,
291,,291,,
291,,291,,
291,,291,,
291,,291,,
291,,291,,
S 58TH ST,S,58TH,ST,
S 58TH ST,S,58TH,ST,
S 58TH ST,S,58TH,ST,
S 58TH ST,S,58TH,ST,
N 5TH ST,N,5TH,ST,
N 5TH ST,N,5TH,ST,
N 5TH ST,N,5TH,ST,
N 5TH ST,N,5TH,ST,
S 5TH ST,S,5TH,ST,
S 5TH ST,S,5TH,ST,
S 5TH ST,S,5TH,ST,
S 5TH ST,S,5TH,ST,
N 6TH ST,N,6TH,ST,
N 6TH ST,N,6TH,ST,
S 6TH ST,S,6TH,ST,
S 6TH ST,S,6TH,ST,
S 6TH ST,S,6TH,ST,
S 6TH ST,S,6TH,ST,
I 95 RAMP,I,95 RAMP,,
I 95 RAMP,I,95 RAMP,,
I 95 RAMP,I,95 RAMP,,
I 95 RAMP,I,95 RAMP,,
I 95 RAMP,I,95 RAMP,,
I 95 RAMP,I,95 RAMP,,
I 95 RAMP,I,95 RAMP,,
I 95 RAMP,I,95 RAMP,,
I 95 RAMP,I,95 RAMP,,
I 95 RAMP,I,95 RAMP,,
I 95 RAMP,I,95 RAMP,,
I 95 RAMP,I,95 RAMP,,
I 95 RAMP,I,95 RAMP,,
I 95 RAMP,I,95 RAMP,,
I 95 RAMP,I,95 RAMP,,
I 95 RAMP,I,95 RAMP,,
I 95 RAMP,I,95 RAMP,,
I 95 RAMP,I,95 RAMP,,
I 95 RAMP,I,95 RAMP,,
I 95 RAMP,I,95 RAMP,,
I 95 RAMP,I,95 RAMP,,
I 95 RAMP,I,95 RAMP,,
I 95 RAMP,I,95 RAMP,,
I 95 RAMP,I,95 RAMP,,
I 95 RAMP,I,95 RAMP,,
I 95 RAMP,I,95 RAMP,,
I 95 RAMP,I,95 RAMP,,
I 95 RAMP,I,95 RAMP,,
I 95 RAMP,I,95 RAMP,,
I 95 RAMP,I,95 RAMP,,
I 95 RAMP,I,95 RAMP,,
I 95 RAMP,I,95 RAMP,,
I 95 RAMP,I,95 RAMP,,
I 95 RAMP,I,95 RAMP,,
I 95 RAMP,I,95 RAMP,,
I 95 RAMP,I,95 RAMP,,
I 95 RAMP,I,95 RAMP,,
I 95 RAMP,I,95 RAMP,,
I 95 RAMP,I,95 RAMP,,
I 95 RAMP,I,95 RAMP,,
I 95 RAMP,I,95 RAMP,,
I 95 RAMP,I,95 RAMP,,
AYRDALE CIR,,AYRDALE,CIR,
AYRDALE CIR,,AYRDALE,CIR,
BOATHOUSE ROW,,BOATHOUSE,ROW,
BOATHOUSE ROW,,BOATHOUSE,ROW,
BOATHOUSE ROW,,BOATHOUSE,ROW,
BOATHOUSE ROW,,BOATHOUSE,ROW,
BOATHOUSE ROW,,BOATHOUSE,ROW,
BOATHOUSE ROW,,BOATHOUSE,ROW,
BOATHOUSE ROW,,BOATHOUSE,ROW,
BOATHOUSE ROW,,BOATHOUSE,ROW,
BOATHOUSE ROW,,BOATHOUSE,ROW,
BOATHOUSE ROW,,BOATHOUSE,ROW,
BOATHOUSE ROW,,BOATHOUSE,ROW,
BOATHOUSE ROW,,BOATHOUSE,ROW,
BOATHOUSE ROW,,BOATHOUSE,ROW,
BOATHOUSE ROW,,BOATHOUSE,ROW,
BOATHOUSE ROW,,BOATHOUSE,ROW,
BOATHOUSE ROW,,BOATHOUSE,ROW,
BOATHOUSE ROW,,BOATHOUSE,ROW,
BOATHOUSE ROW,,BOATHOUSE,ROW,
BOATHOUSE ROW,,BOATHOUSE,ROW,
BOATHOUSE ROW,,BOATHOUSE,ROW,
BOATHOUSE ROW,,BOATHOUSE,ROW,
BOATHOUSE ROW,,BOATHOUSE,ROW,
BOATHOUSE ROW,,BOATHOUSE,ROW,
BOATHOUSE ROW,,BOATHOUSE,ROW,
BOATHOUSE ROW,,BOATHOUSE,ROW,
BOATHOUSE ROW,,BOATHOUSE,ROW,
BOATHOUSE ROW,,BOATHOUSE,ROW,
CITY LINE AVE,,CITY LINE,AVE,
CITY LINE AVE,,CITY LINE,AVE,
CITY LINE AVE,,CITY LINE,AVE,
CITY LINE AVE,,CITY LINE,AVE,
CITY LINE AVE,,CITY LINE,AVE,
CITY LINE AVE,,CITY LINE,AVE,
CITY LINE AVE,,CITY LINE,AVE,
CITY LINE AVE,,CITY LINE,AVE,
CITY LINE AVE,,CITY LINE,AVE,
CITY LINE AVE,,CITY LINE,AVE,
CITY LINE AVE,,CITY LINE,AVE,
CITY LINE AVE,,CITY LINE,AVE,
CITY LINE AVE,,CITY LINE,AVE,
CITY LINE AVE,,CITY LINE,AVE,
CITY LINE AVE,,CITY LINE,AVE,
CITY LINE AVE,,CITY LINE,AVE,
CITY LINE AVE,,CITY LINE,AVE,
CITY LINE AVE,,CITY LINE,AVE,
CITY LINE AVE,,CITY LINE,AVE,
CITY LINE AVE,,CITY LINE,AVE,
CITY LINE AVE,,CITY LINE,AVE,
CITY LINE AVE,,CITY LINE,AVE,
CITY LINE AVE,,CITY LINE,AVE,
CITY LINE AVE,,CITY LINE,AVE,
CITY LINE AVE,,CITY LINE,AVE,
CITY LINE AVE,,CITY LINE,AVE,
CITY LINE AVE,,CITY LINE,AVE,
CITY LINE AVE,,CITY LINE,AVE,
CITY LINE AVE,,CITY LINE,AVE,
CITY LINE AVE,,CITY LINE,AVE,
CITY LINE AVE,,CITY LINE,AVE,
CITY LINE AVE,,CITY LINE,AVE,
CITY LINE AVE,,CITY LINE,AVE,
CITY LINE AVE,,CITY LINE,AVE,
CITY LINE AVE,,CITY LINE,AVE,
CITY LINE AVE,,CITY LINE,AVE,
CITY LINE AVE,,CITY LINE,AVE,
CITY LINE AVE,,CITY LINE,AVE,
CITY LINE AVE,,CITY LINE,AVE,
CITY LINE AVE,,CITY LINE,AVE,
CITY LINE AVE,,CITY LINE,AVE,
CITY LINE AVE,,CITY LINE,AVE,
CITY LINE AVE,,CITY LINE,AVE,
CITY LINE AVE,,CITY LINE,AVE,
CITY LINE AVE,,CITY LINE,AVE,
CITY LINE AVE,,CITY LINE,AVE,
CITY LINE AVE,,CITY LINE,AVE,
CITY LINE AVE,,CITY LINE,AVE,
CITY LINE AVE,,CITY LINE,AVE,
CITY LINE AVE,,CITY LINE,AVE,
N CONCOURSE DR,N,CONCOURSE,DR,
CULVERT ST,,CULVERT,ST,
CULVERT ST,,CULVERT,ST,
CULVERT ST,,CULVERT,ST,
N DELAWARE AVE,N,DELAWARE,AVE,
N DELAWARE AVE,N,DELAWARE,AVE,
N DELAWARE AVE,N,DELAWARE,AVE,
N DELAWARE AVE,N,DELAWARE,AVE,
N DELAWARE AVE,N,DELAWARE,AVE,
N DELAWARE AVE,N,DELAWARE,AVE,
N DELAWARE AVE,N,DELAWARE,AVE,
S DELAWARE AVE,S,DELAWARE,AVE,
S DELAWARE AVE,S,DELAWARE,AVE,
S DELAWARE AVE,S,DELAWARE,AVE,
S DELAWARE AVE,S,DELAWARE,AVE,
S DELAWARE AVE,S,DELAWARE,AVE,
S DELAWARE AVE,S,DELAWARE,AVE,
S DELAWARE AVE,S,DELAWARE,AVE,
S DELAWARE AVE,S,DELAWARE,AVE,
S DELAWARE AVE,S,DELAWARE,AVE,
S DELAWARE AVE,S,DELAWARE,AVE,
S DELAWARE AVE,S,DELAWARE,AVE,
S DELAWARE AVE,S,DELAWARE,AVE,
S DELAWARE AVE,S,DELAWARE,AVE,
S DELAWARE AVE,S,DELAWARE,AVE,
S DELAWARE AVE,S,DELAWARE,AVE,
S DELAWARE AVE,S,DELAWARE,AVE,
S DELAWARE AVE,S,DELAWARE,AVE,
S DELAWARE AVE,S,DELAWARE,AVE,
S DELAWARE AVE,S,DELAWARE,AVE,
S DELAWARE AVE,S,DELAWARE,AVE,
S DELAWARE AVE,S,DELAWARE,AVE,
S DELAWARE AVE,S,DELAWARE,AVE,
S DELAWARE AVE,S,DELAWARE,AVE,
S DELAWARE AVE,S,DELAWARE,AVE,
S DELAWARE AVE,S,DELAWARE,AVE,
S DELAWARE AVE,S,DELAWARE,AVE,
S DELAWARE AVE,S,DELAWARE,AVE,
FAIRMOUNT BIKEWAY TR,,FAIRMOUNT BIKEWAY,TR,
FAIRMOUNT BIKEWAY TR,,FAIRMOUNT BIKEWAY,TR,
FOURTYFIRST ST DR,,FOURTYFIRST ST,DR,
FOURTYFIRST ST DR,,FOURTYFIRST ST,DR,
FOURTYFIRST ST DR,,FOURTYFIRST ST,DR,
FOURTYFIRST ST DR,,FOURTYFIRST ST,DR,
W GLENWOOD AVE,W,GLENWOOD,AVE,
W GLENWOOD AVE,W,GLENWOOD,AVE,
W GLENWOOD AVE,W,GLENWOOD,AVE,
W GOWEN AVE,W,GOWEN,AVE,
GRAYS FERRY TR,,GRAYS FERRY,TR,
GRAYS FERRY TR,,GRAYS FERRY,TR,
GRAYS FERRY TR,,GRAYS FERRY,TR,
HARLEY AVE,,HARLEY,AVE,
HARLEY AVE,,HARLEY,AVE,
HARLEY AVE,,HARLEY,AVE,
HARLEY AVE,,HARLEY,AVE,
HARLEY AVE,,HARLEY,AVE,
HARLEY AVE,,HARLEY,AVE,
HARLEY AVE,,HARLEY,AVE,
HARLEY AVE,,HARLEY,AVE,
HARLEY AVE,,HARLEY,AVE,
HARLEY DR,,HARLEY,DR,
HARLEY DR,,HARLEY,DR,
HARLEY DR,,HARLEY,DR,
HARLEY DR,,HARLEY,DR,
HARLEY DR,,HARLEY,DR,
HARLEY DR,,HARLEY,DR,
HARLEY DR,,HARLEY,DR,
HARLEY DR,,HARLEY,DR,
HARLEY DR,,HARLEY,DR,
HARLEY DR,,HARLEY,DR,
HARLEY DR,,HARLEY,DR,
HARLEY DR,,HARLEY,DR,
HARLEY DR,,HARLEY,DR,
HARLEY DR,,HARLEY,DR,
HARLEY PL,,HARLEY,PL,
HARLEY PL,,HARLEY,PL,
HARLEY PL,,HARLEY,PL,
HARLEY PL,,HARLEY,PL,
HARLEY PL,,HARLEY,PL,
HARLEY PL,,HARLEY,PL,
HARLEY PL,,HARLEY,PL,
HARLEY PL,,HARLEY,PL,
HARLEY PL,,HARLEY,PL,
HARLEY PL,,HARLEY,PL,
HARLEY PL,,HARLEY,PL,
HARLEY PL,,HARLEY,PL,
HARLEY PL,,HARLEY,PL,
HARLEY PL,,HARLEY,PL,
HARLEY ST,,HARLEY,ST,
HARLEY ST,,HARLEY,ST,
HARLEY ST,,HARLEY,ST,
HARLEY ST,,HARLEY,ST,
HARLEY ST,,HARLEY,ST,
HARLEY ST,,HARLEY,ST,
HARLEY ST,,HARLEY,ST,
HARLEY ST,,HARLEY,ST,
HARLEY ST,,HARLEY,ST,
HARLEY ST,,HARLEY,ST,
HARLEY TER,,HARLEY,TER,
HARLEY TER,,HARLEY,TER,
HARLEY TER,,HARLEY,TER,
HARLEY TER,,HARLEY,TER,
HARLEY TER,,HARLEY,TER,
HARLEY TER,,HARLEY,TER,
HARLEY TER,,HARLEY,TER,
HARLEY TER,,HARLEY,TER,
HARLEY TER,,HARLEY,TER,
HARLEY TER,,HARLEY,TER,
HARLEY TER,,HARLEY,TER,
HARLEY TER,,HARLEY,TER,
HARLEY TER,,HARLEY,TER,
HOLLINGSWORTH ST,,HOLLINGSWORTH,ST,
HOLLINGSWORTH ST,,HOLLINGSWORTH,ST,
I 676 EXP,,I 676,EXP,
I 676 EXP,,I 676,EXP,
I 676 EXP,,I 676,EXP,
I 676 EXP,,I 676,EXP,
I 676 EXP,,I 676,EXP,
I 676 EXP,,I 676,EXP,
I 676 EXP,,I 676,EXP,
I 676 EXP,,I 676,EXP,
I 676 EXP,,I 676,EXP,
I 676 EXP,,I 676,EXP,
I 676 EXP,,I 676,EXP,
I 676 EXP,,I 676,EXP,
I 676 EXP,,I 676,EXP,
I 676 RMP,,I 676,RMP,
I 676 RMP,,I 676,RMP,
I 676,,I 676,,
I 676,,I 676,,
I 676,,I 676,,
I 676,,I 676,,
I 676,,I 676,,
I 676,,I 676,,
I 676,,I 676,,
I 676,,I 676,,
I 676,,I 676,,
I 676,,I 676,,
I 676,,I 676,,
I 676,,I 676,,
I 676,,I 676,,
EB I 76,EB,I 76,,
EB I 76,EB,I 76,,
EB I 76,EB,I 76,,
EB I 76,EB,I 76,,
EB I 76,EB,I 76,,
EB I 76,EB,I 76,,
EB I 76,EB,I 76,,
EB I 76,EB,I 76,,
EB I 76,EB,I 76,,
EB I 76,EB,I 76,,
EB I 76,EB,I 76,,
EB I 76,EB,I 76,,
EB I 76,EB,I 76,,
EB I 76,EB,I 76,,
EB I 76,EB,I 76,,
EB I 76,EB,I 76,,
EB I 76,EB,I 76,,
EB I 76,EB,I 76,,
EB I 76,EB,I 76,,
EB I 76,EB,I 76,,
EB I 76,EB,I 76,,
EB I 76,EB,I 76,,
EB I 76,EB,I 76,,
EB I 76,EB,I 76,,
EB I 76,EB,I 76,,
EB I 76,EB,I 76,,
EB I 76,EB,I 76,,
EB I 76,EB,I 76,,
EB I 76,EB,I 76,,
EB I 76,EB,I 76,,
EB I 76,EB,I 76,,
EB I 76,EB,I 76,,
EB I 76,EB,I 76,,
EB I 76,EB,I 76,,
EB I 76,EB,I 76,,
WB I 76,WB,I 76,,
WB I 76,WB,I 76,,
WB I 76,WB,I 76,,
WB I 76,WB,I 76,,
WB I 76,WB,I 76,,
WB I 76,WB,I 76,,
WB I 76,WB,I 76,,
WB I 76,WB,I 76,,
WB I 76,WB,I 76,,
WB I 76,WB,I 76,,
WB I 76,WB,I 76,,
WB I 76,WB,I 76,,
WB I 76,WB,I 76,,
WB I 76,WB,I 76,,
WB I 76,WB,I 76,,
WB I 76,WB,I 76,,
WB I 76,WB,I 76,,
WB I 76,WB,I 76,,
WB I 76,WB,I 76,,
WB I 76,WB,I 76,,
WB I 76,WB,I 76,,
WB I 76,WB,I 76,,
WB I 76,WB,I 76,,
WB I 76,WB,I 76,,
WB I 76,WB,I 76,,
WB I 76,WB,I 76,,
WB I 76,WB,I 76,,
WB I 76,WB,I 76,,
WB I 76,WB,I 76,,
WB I 76,WB,I 76,,
WB I 76,WB,I 76,,
WB I 76,WB,I 76,,
WB I 76,WB,I 76,,
WB I 76,WB,I 76,,
WB I 76,WB,I 76,,
I 76 ST,,I 76,ST,
I 76 ST,,I 76,ST,
I 76 ST,,I 76,ST,
I 76 ST,,I 76,ST,
I 76 ST,,I 76,ST,
I 76 ST,,I 76,ST,
I 76 ST,,I 76,ST,
I 76 ST,,I 76,ST,
I 76 ST,,I 76,ST,
I 76 ST,,I 76,ST,
I 76 ST,,I 76,ST,
I 76 ST,,I 76,ST,
I 76 ST,,I 76,ST,
I 76 ST,,I 76,ST,
I 76 ST,,I 76,ST,
I 76 ST,,I 76,ST,
I 76 ST,,I 76,ST,
I 76 ST,,I 76,ST,
I 76 ST,,I 76,ST,
I 76 ST,,I 76,ST,
I 76 ST,,I 76,ST,
I 76 ST,,I 76,ST,
I 76 ST,,I 76,ST,
I 76 ST,,I 76,ST,
I 76 ST,,I 76,ST,
I 76 ST,,I 76,ST,
I 76 ST,,I 76,ST,
I 76 ST,,I 76,ST,
I 76 ST,,I 76,ST,
I 76 ST,,I 76,ST,
I 76 ST,,I 76,ST,
I 76 ST,,I 76,ST,
I 76 ST,,I 76,ST,
I 76 ST,,I 76,ST,
I 76 ST,,I 76,ST,
I 76 ST,,I 76,ST,
I 76 ST,,I 76,ST,
I 76 ST,,I 76,ST,
I 76 ST,,I 76,ST,
I 76 ST,,I 76,ST,
I 76 ST,,I 76,ST,
I 76 ST,,I 76,ST,
I 76 ST,,I 76,ST,
I 76 ST,,I 76,ST,
I 76 ST,,I 76,ST,
I 76 ST,,I 76,ST,
I 76 ST,,I 76,ST,
I 76 ST,,I 76,ST,
I 76 ST,,I 76,ST,
I 76 ST,,I 76,ST,
I 76 ST,,I 76,ST,
I 76 ST,,I 76,ST,
I 76 ST,,I 76,ST,
I 76 ST,,I 76,ST,
I 76 ST,,I 76,ST,
I 76 ST,,I 76,ST,
I 76 ST,,I 76,ST,
I 76 ST,,I 76,ST,
I 76 ST,,I 76,ST,
I 76 ST,,I 76,ST,
I 76 ST,,I 76,ST,
I 76 ST,,I 76,ST,
I 76 ST,,I 76,ST,
I 76 ST,,I 76,ST,
I 76 ST,,I 76,ST,
I 76 ST,,I 76,ST,
I 76 ST,,I 76,ST,
I 76 ST,,I 76,ST,
I 76 ST,,I 76,ST,
I 76 ST,,I 76,ST,
I 76 ST,,I 76,ST,
I 76,,I 76,,
I 76,,I 76,,
I 76,,I 76,,
I 76,,I 76,,
I 76,,I 76,,
I 76,,I 76,,
I 76,,I 76,,
I 76,,I 76,,
I 76,,I 76,,
I 76,,I 76,,
I 76,,I 76,,
I 76,,I 76,,
I 76,,I 76,,
I 76,,I 76,,
I 76,,I 76,,
I 76,,I 76,,
I 76,,I 76,,
I 76,,I 76,,
I 76,,I 76,,
I 76,,I 76,,
I 76,,I 76,,
I 76,,I 76,,
I 76,,I 76,,
I 76,,I 76,,
I 76,,I 76,,
I 76,,I 76,,
I 76,,I 76,,
I 76,,I 76,,
I 76,,I 76,,
I 76,,I 76,,
I 76,,I 76,,
I 76,,I 76,,
I 76,,I 76,,
I 76,,I 76,,
I 76,,I 76,,
I 76,,I 76,,
I 76,,I 76,,
I 76,,I 76,,
I 76,,I 76,,
I 76,,I 76,,
I 76,,I 76,,
I 76,,I 76,,
I 76,,I 76,,
I 76,,I 76,,
I 76,,I 76,,
I 76,,I 76,,
I 76,,I 76,,
I 76,,I 76,,
I 76,,I 76,,
I 76,,I 76,,
I 76,,I 76,,
I 76,,I 76,,
I 76,,I 76,,
I 76,,I 76,,
I 76,,I 76,,
I 76,,I 76,,
I 76,,I 76,,
I 76,,I 76,,
I 76,,I 76,,
I 76,,I 76,,
I 76,,I 76,,
I 76,,I 76,,
I 76,,I 76,,
I 76,,I 76,,
I 76,,I 76,,
I 76,,I 76,,
I 76,,I 76,,
I 76,,I 76,,
I 76,,I 76,,
I 76,,I 76,,
I 76,,I 76,,
NB I 95 EXP,NB,I 95,EXP,
NB I 95 EXP,NB,I 95,EXP,
NB I 95 EXP,NB,I 95,EXP,
NB I 95 EXP,NB,I 95,EXP,
NB I 95 EXP,NB,I 95,EXP,
NB I 95 EXP,NB,I 95,EXP,
NB I 95 EXP,NB,I 95,EXP,
NB I 95 EXP,NB,I 95,EXP,
NB I 95 EXP,NB,I 95,EXP,
NB I 95 EXP,NB,I 95,EXP,
NB I 95 EXP,NB,I 95,EXP,
NB I 95 EXP,NB,I 95,EXP,
NB I 95 EXP,NB,I 95,EXP,
NB I 95 EXP,NB,I 95,EXP,
NB I 95 EXP,NB,I 95,EXP,
NB I 95 EXP,NB,I 95,EXP,
NB I 95 EXP,NB,I 95,EXP,
NB I 95 EXP,NB,I 95,EXP,
NB I 95 EXP,NB,I 95,EXP,
NB I 95 EXP,NB,I 95,EXP,
NB I 95 EXP,NB,I 95,EXP,
NB I 95 EXP,NB,I 95,EXP,
NB I 95 EXP,NB,I 95,EXP,
NB I 95 EXP,NB,I 95,EXP,
NB I 95 EXP,NB,I 95,EXP,
NB I 95 EXP,NB,I 95,EXP,
NB I 95 EXP,NB,I 95,EXP,
NB I 95 EXP,NB,I 95,EXP,
NB I 95 EXP,NB,I 95,EXP,
NB I 95 EXP,NB,I 95,EXP,
NB I 95 EXP,NB,I 95,EXP,
NB I 95 EXP,NB,I 95,EXP,
NB I 95 EXP,NB,I 95,EXP,
NB I 95 EXP,NB,I 95,EXP,
NB I 95 EXP,NB,I 95,EXP,
NB I 95 EXP,NB,I 95,EXP,
NB I 95 EXP,NB,I 95,EXP,
NB I 95 EXP,NB,I 95,EXP,
NB I 95 EXP,NB,I 95,EXP,
NB I 95 EXP,NB,I 95,EXP,
SB I 95 EXP,SB,I 95,EXP,
SB I 95 EXP,SB,I 95,EXP,
SB I 95 EXP,SB,I 95,EXP,
SB I 95 EXP,SB,I 95,EXP,
SB I 95 EXP,SB,I 95,EXP,
SB I 95 EXP,SB,I 95,EXP,
SB I 95 EXP,SB,I 95,EXP,
SB I 95 EXP,SB,I 95,EXP,
SB I 95 EXP,SB,I 95,EXP,
SB I 95 EXP,SB,I 95,EXP,
SB I 95 EXP,SB,I 95,EXP,
SB I 95 EXP,SB,I 95,EXP,
SB I 95 EXP,SB,I 95,EXP,
SB I 95 EXP,SB,I 95,EXP,
SB I 95 EXP,SB,I 95,EXP,
SB I 95 EXP,SB,I 95,EXP,
SB I 95 EXP,SB,I 95,EXP,
SB I 95 EXP,SB,I 95,EXP,
SB I 95 EXP,SB,I 95,EXP,
SB I 95 EXP,SB,I 95,EXP,
SB I 95 EXP,SB,I 95,EXP,
SB I 95 EXP,SB,I 95,EXP,
SB I 95 EXP,SB,I 95,EXP,
SB I 95 EXP,SB,I 95,EXP,
SB I 95 EXP,SB,I 95,EXP,
SB I 95 EXP,SB,I 95,EXP,
SB I 95 EXP,SB,I 95,EXP,
SB I 95 EXP,SB,I 95,EXP,
SB I 95 EXP,SB,I 95,EXP,
SB I 95 EXP,SB,I 95,EXP,
SB I 95 EXP,SB,I 95,EXP,
SB I 95 EXP,SB,I 95,EXP,
SB I 95 EXP,SB,I 95,EXP,
SB I 95 EXP,SB,I 95,EXP,
SB I 95 EXP,SB,I 95,EXP,
SB I 95 EXP,SB,I 95,EXP,
SB I 95 EXP,SB,I 95,EXP,
I 95 RMP,,I 95,RMP,
I 95 RMP,,I 95,RMP,
I 95 RMP,,I 95,RMP,
I 95 RMP,,I 95,RMP,
I 95 RMP,,I 95,RMP,
I 95 RMP,,I 95,RMP,
I 95 RMP,,I 95,RMP,
I 95 RMP,,I 95,RMP,
I 95 RMP,,I 95,RMP,
I 95 RMP,,I 95,RMP,
I 95 RMP,,I 95,RMP,
I 95 RMP,,I 95,RMP,
I 95 RMP,,I 95,RMP,
I 95 RMP,,I 95,RMP,
I 95 RMP,,I 95,RMP,
I 95 RMP,,I 95,RMP,
I 95 RMP,,I 95,RMP,
I 95 RMP,,I 95,RMP,
I 95 RMP,,I 95,RMP,
I 95 RMP,,I 95,RMP,
I 95 RMP,,I 95,RMP,
I 95,,I 95,,
I 95,,I 95,,
I 95,,I 95,,
I 95,,I 95,,
I 95,,I 95,,
I 95,,I 95,,
I 95,,I 95,,
I 95,,I 95,,
I 95,,I 95,,
I 95,,I 95,,
I 95,,I 95,,
I 95,,I 95,,
I 95,,I 95,,
I 95,,I 95,,
I 95,,I 95,,
I 95,,I 95,,
I 95,,I 95,,
I 95,,I 95,,
I 95,,I 95,,
I 95,,I 95,,
I 95,,I 95,,
I 95,,I 95,,
I 95,,I 95,,
I 95,,I 95,,
I 95,,I 95,,
I 95,,I 95,,
I 95,,I 95,,
I 95,,I 95,,
I 95,,I 95,,
I 95,,I 95,,
I 95,,I 95,,
I 95,,I 95,,
I 95,,I 95,,
I 95,,I 95,,
I 95,,I 95,,
I 95,,I 95,,
I 95,,I 95,,
I 95,,I 95,,
I 95,,I 95,,
I 95,,I 95,,
I 95,,I 95,,
I 95,,I 95,,
I 95,,I 95,,
I 95,,I 95,,
I 95,,I 95,,
I 95,,I 95,,
I 95,,I 95,,
I 95,,I 95,,
I 95,,I 95,,
I 95,,I 95,,
I 95,,I 95,,
I 95,,I 95,,
I 95,,I 95,,
I 95,,I 95,,
I 95,,I 95,,
I 95,,I 95,,
I 95,,I 95,,
I 95,,I 95,,
I 95,,I 95,,
I 95,,I 95,,
I 95,,I 95,,
I 95,,I 95,,
I 95,,I 95,,
I 95,,I 95,,
I 95,,I 95,,
I 95,,I 95,,
I 95,,I 95,,
I 95,,I 95,,
I 95,,I 95,,
I 95,,I 95,,
I 95,,I 95,,
I 95,,I 95,,
I 95,,I 95,,
I 95,,I 95,,
I 95,,I 95,,
I 95,,I 95,,
I 95,,I 95,,
I291,,I291,,
I291,,I291,,
I291,,I291,,
I291,,I291,,
I291,,I291,,
I291,,I291,,
I291,,I291,,
I291,,I291,,
I291,,I291,,
I291,,I291,,
I291,,I291,,
I291,,I291,,
I291,,I291,,
I291,,I291,,
I291,,I291,,
I291,,I291,,
I291,,I291,,
I291,,I291,,
I291,,I291,,
I291,,I291,,
I291,,I291,,
I676 EXP,,I676,EXP,
I676 EXP,,I676,EXP,
I676 EXP,,I676,EXP,
I676 EXP,,I676,EXP,
I676 EXP,,I676,EXP,
I676 EXP,,I676,EXP,
I676 EXP,,I676,EXP,
I676 EXP,,I676,EXP,
I676 EXP,,I676,EXP,
I676 EXP,,I676,EXP,
I676 EXP,,I676,EXP,
I676 EXP,,I676,EXP,
I676 EXP,,I676,EXP,
I676 RMP,,I676,RMP,
I676 RMP,,I676,RMP,
I676,,I676,,
I676,,I676,,
I676,,I676,,
I676,,I676,,
I676,,I676,,
I676,,I676,,
I676,,I676,,
I676,,I676,,
I676,,I676,,
I676,,I676,,
I676,,I676,,
I676,,I676,,
I676,,I676,,
EB I76,EB,I76,,
EB I76,EB,I76,,
EB I76,EB,I76,,
EB I76,EB,I76,,
EB I76,EB,I76,,
EB I76,EB,I76,,
EB I76,EB,I76,,
EB I76,EB,I76,,
EB I76,EB,I76,,
EB I76,EB,I76,,
EB I76,EB,I76,,
EB I76,EB,I76,,
EB I76,EB,I76,,
EB I76,EB,I76,,
EB I76,EB,I76,,
EB I76,EB,I76,,
EB I76,EB,I76,,
EB I76,EB,I76,,
EB I76,EB,I76,,
EB I76,EB,I76,,
EB I76,EB,I76,,
EB I76,EB,I76,,
EB I76,EB,I76,,
EB I76,EB,I76,,
EB I76,EB,I76,,
EB I76,EB,I76,,
EB I76,EB,I76,,
EB I76,EB,I76,,
EB I76,EB,I76,,
EB I76,EB,I76,,
EB I76,EB,I76,,
EB I76,EB,I76,,
EB I76,EB,I76,,
EB I76,EB,I76,,
EB I76,EB,I76,,
WB I76,WB,I76,,
WB I76,WB,I76,,
WB I76,WB,I76,,
WB I76,WB,I76,,
WB I76,WB,I76,,
WB I76,WB,I76,,
WB I76,WB,I76,,
WB I76,WB,I76,,
WB I76,WB,I76,,
WB I76,WB,I76,,
WB I76,WB,I76,,
WB I76,WB,I76,,
WB I76,WB,I76,,
WB I76,WB,I76,,
WB I76,WB,I76,,
WB I76,WB,I76,,
WB I76,WB,I76,,
WB I76,WB,I76,,
WB I76,WB,I76,,
WB I76,WB,I76,,
WB I76,WB,I76,,
WB I76,WB,I76,,
WB I76,WB,I76,,
WB I76,WB,I76,,
WB I76,WB,I76,,
WB I76,WB,I76,,
WB I76,WB,I76,,
WB I76,WB,I76,,
WB I76,WB,I76,,
WB I76,WB,I76,,
WB I76,WB,I76,,
WB I76,WB,I76,,
WB I76,WB,I76,,
WB I76,WB,I76,,
WB I76,WB,I76,,
I76 ST,,I76,ST,
I76 ST,,I76,ST,
I76 ST,,I76,ST,
I76 ST,,I76,ST,
I76 ST,,I76,ST,
I76 ST,,I76,ST,
I76 ST,,I76,ST,
I76 ST,,I76,ST,
I76 ST,,I76,ST,
I76 ST,,I76,ST,
I76 ST,,I76,ST,
I76 ST,,I76,ST,
I76 ST,,I76,ST,
I76 ST,,I76,ST,
I76 ST,,I76,ST,
I76 ST,,I76,ST,
I76 ST,,I76,ST,
I76 ST,,I76,ST,
I76 ST,,I76,ST,
I76 ST,,I76,ST,
I76 ST,,I76,ST,
I76 ST,,I76,ST,
I76 ST,,I76,ST,
I76 ST,,I76,ST,
I76 ST,,I76,ST,
I76 ST,,I76,ST,
I76 ST,,I76,ST,
I76 ST,,I76,ST,
I76 ST,,I76,ST,
I76 ST,,I76,ST,
I76 ST,,I76,ST,
I76 ST,,I76,ST,
I76 ST,,I76,ST,
I76 ST,,I76,ST,
I76 ST,,I76,ST,
I76 ST,,I76,ST,
I76 ST,,I76,ST,
I76 ST,,I76,ST,
I76 ST,,I76,ST,
I76 ST,,I76,ST,
I76 ST,,I76,ST,
I76 ST,,I76,ST,
I76 ST,,I76,ST,
I76 ST,,I76,ST,
I76 ST,,I76,ST,
I76 ST,,I76,ST,
I76 ST,,I76,ST,
I76 ST,,I76,ST,
I76 ST,,I76,ST,
I76 ST,,I76,ST,
I76 ST,,I76,ST,
I76 ST,,I76,ST,
I76 ST,,I76,ST,
I76 ST,,I76,ST,
I76 ST,,I76,ST,
I76 ST,,I76,ST,
I76 ST,,I76,ST,
I76 ST,,I76,ST,
I76 ST,,I76,ST,
I76 ST,,I76,ST,
I76 ST,,I76,ST,
I76 ST,,I76,ST,
I76 ST,,I76,ST,
I76 ST,,I76,ST,
I76 ST,,I76,ST,
I76 ST,,I76,ST,
I76 ST,,I76,ST,
I76 ST,,I76,ST,
I76 ST,,I76,ST,
I76 ST,,I76,ST,
I76 ST,,I76,ST,
I76,,I76,,
I76,,I76,,
I76,,I76,,
I76,,I76,,
I76,,I76,,
I76,,I76,,
I76,,I76,,
I76,,I76,,
I76,,I76,,
I76,,I76,,
I76,,I76,,
I76,,I76,,
I76,,I76,,
I76,,I76,,
I76,,I76,,
I76,,I76,,
I76,,I76,,
I76,,I76,,
I76,,I76,,
I76,,I76,,
I76,,I76,,
I76,,I76,,
I76,,I76,,
I76,,I76,,
I76,,I76,,
I76,,I76,,
I76,,I76,,
I76,,I76,,
I76,,I76,,
I76,,I76,,
I76,,I76,,
I76,,I76,,
I76,,I76,,
I76,,I76,,
I76,,I76,,
I76,,I76,,
I76,,I76,,
I76,,I76,,
I76,,I76,,
I76,,I76,,
I76,,I76,,
I76,,I76,,
I76,,I76,,
I76,,I76,,
I76,,I76,,
I76,,I76,,
I76,,I76,,
I76,,I76,,
I76,,I76,,
I76,,I76,,
I76,,I76,,
I76,,I76,,
I76,,I76,,
I76,,I76,,
I76,,I76,,
I76,,I76,,
I76,,I76,,
I76,,I76,,
I76,,I76,,
I76,,I76,,
I76,,I76,,
I76,,I76,,
I76,,I76,,
I76,,I76,,
I76,,I76,,
I76,,I76,,
I76,,I76,,
I76,,I76,,
I76,,I76,,
I76,,I76,,
I76,,I76,,
NB I95 EXP,NB,I95,EXP,
NB I95 EXP,NB,I95,EXP,
NB I95 EXP,NB,I95,EXP,
NB I95 EXP,NB,I95,EXP,
NB I95 EXP,NB,I95,EXP,
NB I95 EXP,NB,I95,EXP,
NB I95 EXP,NB,I95,EXP,
NB I95 EXP,NB,I95,EXP,
NB I95 EXP,NB,I95,EXP,
NB I95 EXP,NB,I95,EXP,
NB I95 EXP,NB,I95,EXP,
NB I95 EXP,NB,I95,EXP,
NB I95 EXP,NB,I95,EXP,
NB I95 EXP,NB,I95,EXP,
NB I95 EXP,NB,I95,EXP,
NB I95 EXP,NB,I95,EXP,
NB I95 EXP,NB,I95,EXP,
NB I95 EXP,NB,I95,EXP,
NB I95 EXP,NB,I95,EXP,
NB I95 EXP,NB,I95,EXP,
NB I95 EXP,NB,I95,EXP,
NB I95 EXP,NB,I95,EXP,
NB I95 EXP,NB,I95,EXP,
NB I95 EXP,NB,I95,EXP,
NB I95 EXP,NB,I95,EXP,
NB I95 EXP,NB,I95,EXP,
NB I95 EXP,NB,I95,EXP,
NB I95 EXP,NB,I95,EXP,
NB I95 EXP,NB,I95,EXP,
NB I95 EXP,NB,I95,EXP,
NB I95 EXP,NB,I95,EXP,
NB I95 EXP,NB,I95,EXP,
NB I95 EXP,NB,I95,EXP,
NB I95 EXP,NB,I95,EXP,
NB I95 EXP,NB,I95,EXP,
NB I95 EXP,NB,I95,EXP,
NB I95 EXP,NB,I95,EXP,
NB I95 EXP,NB,I95,EXP,
NB I95 EXP,NB,I95,EXP,
NB I95 EXP,NB,I95,EXP,
SB I95 EXP,SB,I95,EXP,
SB I95 EXP,SB,I95,EXP,
SB I95 EXP,SB,I95,EXP,
SB I95 EXP,SB,I95,EXP,
SB I95 EXP,SB,I95,EXP,
SB I95 EXP,SB,I95,EXP,
SB I95 EXP,SB,I95,EXP,
SB I95 EXP,SB,I95,EXP,
SB I95 EXP,SB,I95,EXP,
SB I95 EXP,SB,I95,EXP,
SB I95 EXP,SB,I95,EXP,
SB I95 EXP,SB,I95,EXP,
SB I95 EXP,SB,I95,EXP,
SB I95 EXP,SB,I95,EXP,
SB I95 EXP,SB,I95,EXP,
SB I95 EXP,SB,I95,EXP,
SB I95 EXP,SB,I95,EXP,
SB I95 EXP,SB,I95,EXP,
SB I95 EXP,SB,I95,EXP,
SB I95 EXP,SB,I95,EXP,
SB I95 EXP,SB,I95,EXP,
SB I95 EXP,SB,I95,EXP,
SB I95 EXP,SB,I95,EXP,
SB I95 EXP,SB,I95,EXP,
SB I95 EXP,SB,I95,EXP,
SB I95 EXP,SB,I95,EXP,
SB I95 EXP,SB,I95,EXP,
SB I95 EXP,SB,I95,EXP,
SB I95 EXP,SB,I95,EXP,
SB I95 EXP,SB,I95,EXP,
SB I95 EXP,SB,I95,EXP,
SB I95 EXP,SB,I95,EXP,
SB I95 EXP,SB,I95,EXP,
SB I95 EXP,SB,I95,EXP,
SB I95 EXP,SB,I95,EXP,
SB I95 EXP,SB,I95,EXP,
SB I95 EXP,SB,I95,EXP,
I95 RMP,,I95,RMP,
I95 RMP,,I95,RMP,
I95 RMP,,I95,RMP,
I95 RMP,,I95,RMP,
I95 RMP,,I95,RMP,
I95 RMP,,I95,RMP,
I95 RMP,,I95,RMP,
I95 RMP,,I95,RMP,
I95 RMP,,I95,RMP,
I95 RMP,,I95,RMP,
I95 RMP,,I95,RMP,
I95 RMP,,I95,RMP,
I95 RMP,,I95,RMP,
I95 RMP,,I95,RMP,
I95 RMP,,I95,RMP,
I95 RMP,,I95,RMP,
I95 RMP,,I95,RMP,
I95 RMP,,I95,RMP,
I95 RMP,,I95,RMP,
I95 RMP,,I95,RMP,
I95 RMP,,I95,RMP,
I95,,I95,,
I95,,I95,,
I95,,I95,,
I95,,I95,,
I95,,I95,,
I95,,I95,,
I95,,I95,,
I95,,I95,,
I95,,I95,,
I95,,I95,,
I95,,I95,,
I95,,I95,,
I95,,I95,,
I95,,I95,,
I95,,I95,,
I95,,I95,,
I95,,I95,,
I95,,I95,,
I95,,I95,,
I95,,I95,,
I95,,I95,,
I95,,I95,,
I95,,I95,,
I95,,I95,,
I95,,I95,,
I95,,I95,,
I95,,I95,,
I95,,I95,,
I95,,I95,,
I95,,I95,,
I95,,I95,,
I95,,I95,,
I95,,I95,,
I95,,I95,,
I95,,I95,,
I95,,I95,,
I95,,I95,,
I95,,I95,,
I95,,I95,,
I95,,I95,,
I95,,I95,,
I95,,I95,,
I95,,I95,,
I95,,I95,,
I95,,I95,,
I95,,I95,,
I95,,I95,,
I95,,I95,,
I95,,I95,,
I95,,I95,,
I95,,I95,,
I95,,I95,,
I95,,I95,,
I95,,I95,,
I95,,I95,,
I95,,I95,,
I95,,I95,,
I95,,I95,,
I95,,I95,,
I95,,I95,,
I95,,I95,,
I95,,I95,,
I95,,I95,,
I95,,I95,,
I95,,I95,,
I95,,I95,,
I95,,I95,,
I95,,I95,,
I95,,I95,,
I95,,I95,,
I95,,I95,,
I95,,I95,,
I95,,I95,,
I95,,I95,,
I95,,I95,,
I95,,I95,,
I95,,I95,,
KEELY ST,,KEELY,ST,
KELLY DRIVE TR,,KELLY DRIVE,TR,
E KESWICK RD,E,KESWICK,RD,
E KESWICK RD,E,KESWICK,RD,
E KESWICK RD,E,KESWICK,RD,
E KESWICK RD,E,KESWICK,RD,
E KESWICK RD,E,KESWICK,RD,
E KESWICK RD,E,KESWICK,RD,
E KESWICK RD,E,KESWICK,RD,
E KESWICK RD,E,KESWICK,RD,
E KESWICK RD,E,KESWICK,RD,
E KESWICK RD,E,KESWICK,RD,
LIVEZEY LN,,LIVEZEY,LN,
LIVEZEY LN,,LIVEZEY,LN,
LIVEZEY LN,,LIVEZEY,LN,
LIVEZEY LN,,LIVEZEY,LN,
LIVEZEY LN,,LIVEZEY,LN,
LIVEZEY LN,,LIVEZEY,LN,
LIVEZEY LN,,LIVEZEY,LN,
LIVEZEY LN,,LIVEZEY,LN,
LIVEZEY LN,,LIVEZEY,LN,
LIVEZEY LN,,LIVEZEY,LN,
LIVEZEY LN,,LIVEZEY,LN,
LIVEZEY ST,,LIVEZEY,ST,
LIVEZEY ST,,LIVEZEY,ST,
LIVEZEY ST,,LIVEZEY,ST,
MANAYUNK TOWPATH TR,,MANAYUNK TOWPATH,TR,
MANAYUNK TOWPATH TR,,MANAYUNK TOWPATH,TR,
MANAYUNK TOWPATH TR,,MANAYUNK TOWPATH,TR,
MANAYUNK TOWPATH TR,,MANAYUNK TOWPATH,TR,
MANAYUNK TOWPATH TR,,MANAYUNK TOWPATH,TR,
MANAYUNK TOWPATH TR,,MANAYUNK TOWPATH,TR,
MANAYUNK TOWPATH TR,,MANAYUNK TOWPATH,TR,
MANAYUNK TOWPATH TR,,MANAYUNK TOWPATH,TR,
MANAYUNK TOWPATH TR,,MANAYUNK TOWPATH,TR,
MANAYUNK TOWPATH TR,,MANAYUNK TOWPATH,TR,
MANAYUNK TOWPATH TR,,MANAYUNK TOWPATH,TR,
MANAYUNK TOWPATH TR,,MANAYUNK TOWPATH,TR,
MANNING ST,,MANNING,ST,
MAPLEWOOD AVE,,MAPLEWOOD,AVE,
MAYLAND ST,,MAYLAND,ST,
MOWER ST,,MOWER,ST,
NORTHEAST AVE,,NORTHEAST,AVE,
NORTHEAST AVE,,NORTHEAST,AVE,
NORTHEAST AVE,,NORTHEAST,AVE,
NORTHEAST AVE,,NORTHEAST,AVE,
NORTHEAST AVE,,NORTHEAST,AVE,
NORTHEAST AVE,,NORTHEAST,AVE,
NORTHEAST AVE,,NORTHEAST,AVE,
NORTHEAST AVE,,NORTHEAST,AVE,
NORTHEAST AVE,,NORTHEAST,AVE,
NORTHEAST AVE,,NORTHEAST,AVE,
OAK LANE AVE,,OAK LANE,AVE,
OAK LANE AVE,,OAK LANE,AVE,
OAK LANE AVE,,OAK LANE,AVE,
OAK LANE AVE,,OAK LANE,AVE,
OAK LANE AVE,,OAK LANE,AVE,
OAK LANE AVE,,OAK LANE,AVE,
OAK LANE AVE,,OAK LANE,AVE,
OAK LANE AVE,,OAK LANE,AVE,
OAK LANE AVE,,OAK LANE,AVE,
OAK LANE AVE,,OAK LANE,AVE,
OAK LANE AVE,,OAK LANE,AVE,
OAK LANE AVE,,OAK LANE,AVE,
PENNSYLVANIA 291 HWY,,PENNSYLVANIA 291,HWY,
PENNSYLVANIA 291 HWY,,PENNSYLVANIA 291,HWY,
PENNSYLVANIA 291 HWY,,PENNSYLVANIA 291,HWY,
PENNSYLVANIA 291 HWY,,PENNSYLVANIA 291,HWY,
PENNSYLVANIA 291 HWY,,PENNSYLVANIA 291,HWY,
PENNSYLVANIA 291 HWY,,PENNSYLVANIA 291,HWY,
PENNSYLVANIA 291 HWY,,PENNSYLVANIA 291,HWY,
PENNSYLVANIA 291 HWY,,PENNSYLVANIA 291,HWY,
PENNSYLVANIA 291 HWY,,PENNSYLVANIA 291,HWY,
PENNSYLVANIA 291 HWY,,PENNSYLVANIA 291,HWY,
PENNSYLVANIA 291 HWY,,PENNSYLVANIA 291,HWY,
PENNSYLVANIA 291 HWY,,PENNSYLVANIA 291,HWY,
PENNSYLVANIA 291 HWY,,PENNSYLVANIA 291,HWY,
PENNSYLVANIA 291 HWY,,PENNSYLVANIA 291,HWY,
PENNSYLVANIA 291 HWY,,PENNSYLVANIA 291,HWY,
PENNSYLVANIA 291 HWY,,PENNSYLVANIA 291,HWY,
PENNSYLVANIA 291 HWY,,PENNSYLVANIA 291,HWY,
PRESTON ST,,PRESTON,ST,
PRESTON ST,,PRESTON,ST,
RECIRCULATION RD,,RECIRCULATION,RD,
RECIRCULATION RD,,RECIRCULATION,RD,
E RIVER RD,E,RIVER,RD,
E RIVER RD,E,RIVER,RD,
W RIVER DR,W,RIVER,DR,
W RIVER DR,W,RIVER,DR,
W RIVER DR,W,RIVER,DR,
W RIVER DR,W,RIVER,DR,
W RIVER DR,W,RIVER,DR,
W RIVER DR,W,RIVER,DR,
W RIVER DR,W,RIVER,DR,
W RIVER DR,W,RIVER,DR,
W RIVER DR,W,RIVER,DR,
W RIVER DR,W,RIVER,DR,
W RIVER DR,W,RIVER,DR,
ROUTE 1,,ROUTE 1,,
ROUTE 1,,ROUTE 1,,
ROUTE 1,,ROUTE 1,,
ROUTE 1,,ROUTE 1,,
ROUTE 1,,ROUTE 1,,
ROUTE 1,,ROUTE 1,,
ROUTE 1,,ROUTE 1,,
ROUTE 1,,ROUTE 1,,
ROUTE 1,,ROUTE 1,,
ROUTE 1,,ROUTE 1,,
ROUTE 1,,ROUTE 1,,
ROUTE 1,,ROUTE 1,,
ROUTE 1,,ROUTE 1,,
ROUTE 1,,ROUTE 1,,
ROUTE 1,,ROUTE 1,,
ROUTE 1,,ROUTE 1,,
ROUTE 1,,ROUTE 1,,
ROUTE 1,,ROUTE 1,,
ROUTE 1,,ROUTE 1,,
ROUTE 1,,ROUTE 1,,
ROUTE 1,,ROUTE 1,,
ROUTE 1,,ROUTE 1,,
ROUTE 1,,ROUTE 1,,
ROUTE 1,,ROUTE 1,,
ROUTE 1,,ROUTE 1,,
ROUTE 1,,ROUTE 1,,
ROUTE 1,,ROUTE 1,,
ROUTE 1,,ROUTE 1,,
ROUTE 1,,ROUTE 1,,
ROUTE 1,,ROUTE 1,,
ROUTE 1,,ROUTE 1,,
ROUTE 1,,ROUTE 1,,
ROUTE 1,,ROUTE 1,,
ROUTE 1,,ROUTE 1,,
ROUTE 1,,ROUTE 1,,
ROUTE 1,,ROUTE 1,,
ROUTE 1,,ROUTE 1,,
ROUTE 1,,ROUTE 1,,
ROUTE 1,,ROUTE 1,,
ROUTE 1,,ROUTE 1,,
ROUTE 1,,ROUTE 1,,
ROUTE 1,,ROUTE 1,,
ROUTE 1,,ROUTE 1,,
ROUTE 1,,ROUTE 1,,
ROUTE 1,,ROUTE 1,,
ROUTE 1,,ROUTE 1,,
ROUTE 1,,ROUTE 1,,
ROUTE 1,,ROUTE 1,,
ROUTE 1,,ROUTE 1,,
ROUTE 1,,ROUTE 1,,
ROUTE 1,,ROUTE 1,,
ROUTE 1,,ROUTE 1,,
ROUTE 1,,ROUTE 1,,
ROUTE 1,,ROUTE 1,,
ROUTE 1,,ROUTE 1,,
ROUTE 1,,ROUTE 1,,
ROUTE 1,,ROUTE 1,,
ROUTE 1,,ROUTE 1,,
ROUTE 1,,ROUTE 1,,
ROUTE 1,,ROUTE 1,,
ROUTE 1,,ROUTE 1,,
ROUTE 1,,ROUTE 1,,
ROUTE 1,,ROUTE 1,,
ROUTE 1,,ROUTE 1,,
ROUTE 1,,ROUTE 1,,
ROUTE 1,,ROUTE 1,,
ROUTE 1,,ROUTE 1,,
ROUTE 1,,ROUTE 1,,
ROUTE 1,,ROUTE 1,,
ROUTE 1,,ROUTE 1,,
ROUTE 1,,ROUTE 1,,
ROUTE 1,,ROUTE 1,,
ROUTE 1,,ROUTE 1,,
ROUTE 1,,ROUTE 1,,
ROUTE 1,,ROUTE 1,,
ROUTE 1,,ROUTE 1,,
ROUTE 1,,ROUTE 1,,
ROUTE 1,,ROUTE 1,,
ROUTE 1,,ROUTE 1,,
ROUTE 1,,ROUTE 1,,
ROUTE 1,,ROUTE 1,,
ROUTE 1,,ROUTE 1,,
ROUTE 1,,ROUTE 1,,
ROUTE 1,,ROUTE 1,,
ROUTE 1,,ROUTE 1,,
ROUTE 1,,ROUTE 1,,
ROUTE 1,,ROUTE 1,,
ROUTE 1,,ROUTE 1,,
ROUTE 1,,ROUTE 1,,
ROUTE 1,,ROUTE 1,,
ROUTE 1,,ROUTE 1,,
ROUTE 1,,ROUTE 1,,
ROUTE 1,,ROUTE 1,,
ROUTE 1,,ROUTE 1,,
ROUTE 1,,ROUTE 1,,
ROUTE 1,,ROUTE 1,,
ROUTE 1,,ROUTE 1,,
ROUTE 1,,ROUTE 1,,
ROUTE 1,,ROUTE 1,,
ROUTE 1,,ROUTE 1,,
ROUTE 1,,ROUTE 1,,
ROUTE 1,,ROUTE 1,,
ROUTE 1,,ROUTE 1,,
ROUTE 1,,ROUTE 1,,
ROUTE 1,,ROUTE 1,,
ROUTE 1,,ROUTE 1,,
ROUTE 1,,ROUTE 1,,
ROUTE 1,,ROUTE 1,,
ROUTE 1,,ROUTE 1,,
ROUTE 1,,ROUTE 1,,
ROUTE 1,,ROUTE 1,,
ROUTE 1,,ROUTE 1,,
ROUTE 1,,ROUTE 1,,
ROUTE 1,,ROUTE 1,,
ROUTE 1,,ROUTE 1,,
ROUTE 1,,ROUTE 1,,
ROUTE 1,,ROUTE 1,,
ROUTE 1,,ROUTE 1,,
ROUTE 1,,ROUTE 1,,
ROUTE 1,,ROUTE 1,,
ROUTE 1,,ROUTE 1,,
ROUTE 1,,ROUTE 1,,
ROUTE 1,,ROUTE 1,,
ROUTE 1,,ROUTE 1,,
ROUTE 1,,ROUTE 1,,
ROUTE 1,,ROUTE 1,,
ROUTE 1,,ROUTE 1,,
ROUTE 1,,ROUTE 1,,
ROUTE 1,,ROUTE 1,,
ROUTE 1,,ROUTE 1,,
ROUTE 1,,ROUTE 1,,
ROUTE 1,,ROUTE 1,,
ROUTE 1,,ROUTE 1,,
ROUTE 1,,ROUTE 1,,
ROUTE 1,,ROUTE 1,,
ROUTE 1,,ROUTE 1,,
ROUTE 1,,ROUTE 1,,
ROUTE 1,,ROUTE 1,,
ROUTE 1,,ROUTE 1,,
ROUTE 1,,ROUTE 1,,
ROUTE 1,,ROUTE 1,,
ROUTE 1,,ROUTE 1,,
ROUTE 1,,ROUTE 1,,
ROUTE 1,,ROUTE 1,,
ROUTE 1,,ROUTE 1,,
ROUTE 1,,ROUTE 1,,
ROUTE 1,,ROUTE 1,,
ROUTE 1,,ROUTE 1,,
ROUTE 1,,ROUTE 1,,
ROUTE 1,,ROUTE 1,,
ROUTE 1,,ROUTE 1,,
ROUTE 1,,ROUTE 1,,
ROUTE 1,,ROUTE 1,,
ROUTE 1,,ROUTE 1,,
ROUTE 1,,ROUTE 1,,
ROUTE 1,,ROUTE 1,,
ROUTE 1,,ROUTE 1,,
ROUTE 1,,ROUTE 1,,
ROUTE 1,,ROUTE 1,,
ROUTE 1,,ROUTE 1,,
ROUTE 1,,ROUTE 1,,
ROUTE 1,,ROUTE 1,,
ROUTE 1,,ROUTE 1,,
ROUTE 1,,ROUTE 1,,
ROUTE 1,,ROUTE 1,,
ROUTE 1,,ROUTE 1,,
ROUTE 1,,ROUTE 1,,
ROUTE 1,,ROUTE 1,,
ROUTE 1,,ROUTE 1,,
ROUTE 1,,ROUTE 1,,
ROUTE 1,,ROUTE 1,,
ROUTE 1,,ROUTE 1,,
ROUTE 1,,ROUTE 1,,
ROUTE 1,,ROUTE 1,,
ROUTE 1,,ROUTE 1,,
ROUTE 1,,ROUTE 1,,
ROUTE 1,,ROUTE 1,,
ROUTE 1,,ROUTE 1,,
ROUTE 1,,ROUTE 1,,
ROUTE 1,,ROUTE 1,,
ROUTE 1,,ROUTE 1,,
ROUTE 1,,ROUTE 1,,
ROUTE 1,,ROUTE 1,,
ROUTE 1,,ROUTE 1,,
ROUTE 1,,ROUTE 1,,
ROUTE 1,,ROUTE 1,,
ROUTE 1,,ROUTE 1,,
ROUTE 1,,ROUTE 1,,
ROUTE 1,,ROUTE 1,,
ROUTE 1,,ROUTE 1,,
ROUTE 1,,ROUTE 1,,
ROUTE 1,,ROUTE 1,,
ROUTE 1,,ROUTE 1,,
ROUTE 1,,ROUTE 1,,
ROUTE 1,,ROUTE 1,,
ROUTE 1,,ROUTE 1,,
ROUTE 1,,ROUTE 1,,
ROUTE 1,,ROUTE 1,,
ROUTE 1,,ROUTE 1,,
ROUTE 1,,ROUTE 1,,
ROUTE 1,,ROUTE 1,,
ROUTE 1,,ROUTE 1,,
ROUTE 1,,ROUTE 1,,
ROUTE 1,,ROUTE 1,,
ROUTE 1,,ROUTE 1,,
ROUTE 1,,ROUTE 1,,
ROUTE 1,,ROUTE 1,,
ROUTE 1,,ROUTE 1,,
ROUTE 1,,ROUTE 1,,
ROUTE 1,,ROUTE 1,,
ROUTE 1,,ROUTE 1,,
ROUTE 1,,ROUTE 1,,
ROUTE 1,,ROUTE 1,,
ROUTE 1,,ROUTE 1,,
ROUTE 1,,ROUTE 1,,
ROUTE 1,,ROUTE 1,,
ROUTE 1,,ROUTE 1,,
ROUTE 1,,ROUTE 1,,
ROUTE 1,,ROUTE 1,,
ROUTE 1,,ROUTE 1,,
ROUTE 1,,ROUTE 1,,
ROUTE 1,,ROUTE 1,,
ROUTE 1,,ROUTE 1,,
ROUTE 1,,ROUTE 1,,
ROUTE 1,,ROUTE 1,,
ROUTE 1,,ROUTE 1,,
ROUTE 1,,ROUTE 1,,
ROUTE 1,,ROUTE 1,,
ROUTE 1,,ROUTE 1,,
ROUTE 1,,ROUTE 1,,
ROUTE 1,,ROUTE 1,,
ROUTE 1,,ROUTE 1,,
ROUTE 1,,ROUTE 1,,
ROUTE 1,,ROUTE 1,,
ROUTE 1,,ROUTE 1,,
ROUTE 1,,ROUTE 1,,
ROUTE 1,,ROUTE 1,,
ROUTE 1,,ROUTE 1,,
ROUTE 1,,ROUTE 1,,
ROUTE 1,,ROUTE 1,,
ROUTE 1,,ROUTE 1,,
ROUTE 1,,ROUTE 1,,
ROUTE 1,,ROUTE 1,,
ROUTE 1,,ROUTE 1,,
ROUTE 1,,ROUTE 1,,
ROUTE 1,,ROUTE 1,,
ROUTE 1,,ROUTE 1,,
ROUTE 1,,ROUTE 1,,
ROUTE 1,,ROUTE 1,,
ROUTE 1,,ROUTE 1,,
ROUTE 1,,ROUTE 1,,
ROUTE 1,,ROUTE 1,,
ROUTE 1,,ROUTE 1,,
ROUTE 1,,ROUTE 1,,
ROUTE 1,,ROUTE 1,,
ROUTE 1,,ROUTE 1,,
ROUTE 1,,ROUTE 1,,
ROUTE 1,,ROUTE 1,,
ROUTE 1,,ROUTE 1,,
ROUTE 1,,ROUTE 1,,
ROUTE 1,,ROUTE 1,,
ROUTE 1,,ROUTE 1,,
ROUTE 1,,ROUTE 1,,
ROUTE 1,,ROUTE 1,,
ROUTE 1,,ROUTE 1,,
ROUTE 1,,ROUTE 1,,
ROUTE 1,,ROUTE 1,,
ROUTE 1,,ROUTE 1,,
ROUTE 1,,ROUTE 1,,
ROUTE 1,,ROUTE 1,,
ROUTE 1,,ROUTE 1,,
ROUTE 1,,ROUTE 1,,
ROUTE 1,,ROUTE 1,,
ROUTE 1,,ROUTE 1,,
ROUTE 1,,ROUTE 1,,
ROUTE 1,,ROUTE 1,,
ROUTE 1,,ROUTE 1,,
ROUTE 1,,ROUTE 1,,
ROUTE 1,,ROUTE 1,,
ROUTE 1,,ROUTE 1,,
ROUTE 1,,ROUTE 1,,
ROUTE 1,,ROUTE 1,,
ROUTE 1,,ROUTE 1,,
ROUTE 1,,ROUTE 1,,
ROUTE 1,,ROUTE 1,,
ROUTE 1,,ROUTE 1,,
ROUTE 1,,ROUTE 1,,
ROUTE 1,,ROUTE 1,,
ROUTE 1,,ROUTE 1,,
ROUTE 1,,ROUTE 1,,
ROUTE 1,,ROUTE 1,,
ROUTE 1,,ROUTE 1,,
ROUTE 1,,ROUTE 1,,
ROUTE 1,,ROUTE 1,,
ROUTE 1,,ROUTE 1,,
ROUTE 1,,ROUTE 1,,
ROUTE 1,,ROUTE 1,,
ROUTE 1,,ROUTE 1,,
ROUTE 1,,ROUTE 1,,
ROUTE 1,,ROUTE 1,,
ROUTE 1,,ROUTE 1,,
ROUTE 1,,ROUTE 1,,
ROUTE 1,,ROUTE 1,,
ROUTE 1,,ROUTE 1,,
ROUTE 1,,ROUTE 1,,
ROUTE 1,,ROUTE 1,,
ROUTE 1,,ROUTE 1,,
ROUTE 1,,ROUTE 1,,
ROUTE 1,,ROUTE 1,,
ROUTE 1,,ROUTE 1,,
ROUTE 1,,ROUTE 1,,
ROUTE 1,,ROUTE 1,,
ROUTE 1,,ROUTE 1,,
ROUTE 1,,ROUTE 1,,
ROUTE 1,,ROUTE 1,,
ROUTE 1,,ROUTE 1,,
ROUTE 1,,ROUTE 1,,
ROUTE 1,,ROUTE 1,,
ROUTE 1,,ROUTE 1,,
ROUTE 1,,ROUTE 1,,
ROUTE 1,,ROUTE 1,,
ROUTE 1,,ROUTE 1,,
ROUTE 1,,ROUTE 1,,
ROUTE 1,,ROUTE 1,,
ROUTE 1,,ROUTE 1,,
ROUTE 1,,ROUTE 1,,
ROUTE 1,,ROUTE 1,,
ROUTE 1,,ROUTE 1,,
ROUTE 1,,ROUTE 1,,
ROUTE 1,,ROUTE 1,,
ROUTE 1,,ROUTE 1,,
ROUTE 1,,ROUTE 1,,
ROUTE 1,,ROUTE 1,,
ROUTE 1,,ROUTE 1,,
ROUTE 1,,ROUTE 1,,
ROUTE 1,,ROUTE 1,,
ROUTE 1,,ROUTE 1,,
ROUTE 1,,ROUTE 1,,
ROUTE 1,,ROUTE 1,,
ROUTE 1,,ROUTE 1,,
ROUTE 1,,ROUTE 1,,
ROUTE 1,,ROUTE 1,,
ROUTE 1,,ROUTE 1,,
ROUTE 1,,ROUTE 1,,
ROUTE 1,,ROUTE 1,,
ROUTE 1,,ROUTE 1,,
ROUTE 1,,ROUTE 1,,
ROUTE 1,,ROUTE 1,,
ROUTE 1,,ROUTE 1,,
ROUTE 1,,ROUTE 1,,
ROUTE 1,,ROUTE 1,,
ROUTE 1,,ROUTE 1,,
ROUTE 1,,ROUTE 1,,
ROUTE 1,,ROUTE 1,,
ROUTE 1,,ROUTE 1,,
ROUTE 1,,ROUTE 1,,
ROUTE 1,,ROUTE 1,,
ROUTE 1,,ROUTE 1,,
ROUTE 1,,ROUTE 1,,
ROUTE 1,,ROUTE 1,,
ROUTE 1,,ROUTE 1,,
ROUTE 1,,ROUTE 1,,
ROUTE 1,,ROUTE 1,,
ROUTE 1,,ROUTE 1,,
ROUTE 1,,ROUTE 1,,
ROUTE 1,,ROUTE 1,,
ROUTE 1,,ROUTE 1,,
ROUTE 1,,ROUTE 1,,
ROUTE 1,,ROUTE 1,,
ROUTE 1,,ROUTE 1,,
ROUTE 1,,ROUTE 1,,
ROUTE 1,,ROUTE 1,,
ROUTE 1,,ROUTE 1,,
ROUTE 1,,ROUTE 1,,
ROUTE 1,,ROUTE 1,,
ROUTE 1,,ROUTE 1,,
ROUTE 1,,ROUTE 1,,
ROUTE 1,,ROUTE 1,,
ROUTE 1,,ROUTE 1,,
ROUTE 1,,ROUTE 1,,
ROUTE 1,,ROUTE 1,,
ROUTE 1,,ROUTE 1,,
ROUTE 1,,ROUTE 1,,
ROUTE 1,,ROUTE 1,,
ROUTE 1,,ROUTE 1,,
ROUTE 1,,ROUTE 1,,
ROUTE 1,,ROUTE 1,,
ROUTE 1,,ROUTE 1,,
ROUTE 1,,ROUTE 1,,
ROUTE 1,,ROUTE 1,,
ROUTE 1,,ROUTE 1,,
ROUTE 1,,ROUTE 1,,
ROUTE 1,,ROUTE 1,,
ROUTE 1,,ROUTE 1,,
ROUTE 1,,ROUTE 1,,
ROUTE 1,,ROUTE 1,,
ROUTE 1,,ROUTE 1,,
ROUTE 1,,ROUTE 1,,
ROUTE 1,,ROUTE 1,,
ROUTE 1,,ROUTE 1,,
ROUTE 1,,ROUTE 1,,
ROUTE 1,,ROUTE 1,,
ROUTE 1,,ROUTE 1,,
ROUTE 1,,ROUTE 1,,
ROUTE 1,,ROUTE 1,,
ROUTE 1,,ROUTE 1,,
ROUTE 1,,ROUTE 1,,
ROUTE 1,,ROUTE 1,,
ROUTE 1,,ROUTE 1,,
ROUTE 1,,ROUTE 1,,
ROUTE 1,,ROUTE 1,,
ROUTE 1,,ROUTE 1,,
ROUTE 1,,ROUTE 1,,
ROUTE 1,,ROUTE 1,,
ROUTE 1,,ROUTE 1,,
ROUTE 1,,ROUTE 1,,
ROUTE 1,,ROUTE 1,,
ROUTE 1,,ROUTE 1,,
ROUTE 1,,ROUTE 1,,
ROUTE 1,,ROUTE 1,,
ROUTE 1,,ROUTE 1,,
ROUTE 1,,ROUTE 1,,
ROUTE 1,,ROUTE 1,,
ROUTE 1,,ROUTE 1,,
ROUTE 1,,ROUTE 1,,
ROUTE 1,,ROUTE 1,,
ROUTE 1,,ROUTE 1,,
ROUTE 1,,ROUTE 1,,
ROUTE 1,,ROUTE 1,,
ROUTE 1,,ROUTE 1,,
ROUTE 1,,ROUTE 1,,
ROUTE 1,,ROUTE 1,,
ROUTE 1,,ROUTE 1,,
ROUTE 1,,ROUTE 1,,
ROUTE 1,,ROUTE 1,,
ROUTE 1,,ROUTE 1,,
ROUTE 1,,ROUTE 1,,
ROUTE 1,,ROUTE 1,,
ROUTE 1,,ROUTE 1,,
ROUTE 1,,ROUTE 1,,
ROUTE 1,,ROUTE 1,,
ROUTE 1,,ROUTE 1,,
ROUTE 1,,ROUTE 1,,
ROUTE 1,,ROUTE 1,,
ROUTE 1,,ROUTE 1,,
ROUTE 1,,ROUTE 1,,
ROUTE 1,,ROUTE 1,,
ROUTE 1,,ROUTE 1,,
ROUTE 1,,ROUTE 1,,
ROUTE 1,,ROUTE 1,,
ROUTE 1,,ROUTE 1,,
ROUTE 1,,ROUTE 1,,
ROUTE 1,,ROUTE 1,,
ROUTE 1,,ROUTE 1,,
ROUTE 1,,ROUTE 1,,
ROUTE 1,,ROUTE 1,,
ROUTE 1,,ROUTE 1,,
ROUTE 1,,ROUTE 1,,
ROUTE 1,,ROUTE 1,,
ROUTE 1,,ROUTE 1,,
ROUTE 1,,ROUTE 1,,
ROUTE 1,,ROUTE 1,,
ROUTE 1,,ROUTE 1,,
ROUTE 1,,ROUTE 1,,
ROUTE 1,,ROUTE 1,,
ROUTE 1,,ROUTE 1,,
ROUTE 1,,ROUTE 1,,
ROUTE 1,,ROUTE 1,,
ROUTE 1,,ROUTE 1,,
ROUTE 1,,ROUTE 1,,
ROUTE 1,,ROUTE 1,,
ROUTE 1,,ROUTE 1,,
ROUTE 1,,ROUTE 1,,
ROUTE 1,,ROUTE 1,,
ROUTE 1,,ROUTE 1,,
ROUTE 1,,ROUTE 1,,
ROUTE 1,,ROUTE 1,,
ROUTE 1,,ROUTE 1,,
ROUTE 1,,ROUTE 1,,
ROUTE 1,,ROUTE 1,,
ROUTE 1,,ROUTE 1,,
ROUTE 1,,ROUTE 1,,
ROUTE 1,,ROUTE 1,,
ROUTE 1,,ROUTE 1,,
ROUTE 1,,ROUTE 1,,
ROUTE 1,,ROUTE 1,,
ROUTE 1,,ROUTE 1,,
ROUTE 1,,ROUTE 1,,
ROUTE 1,,ROUTE 1,,
ROUTE 1,,ROUTE 1,,
ROUTE 1,,ROUTE 1,,
ROUTE 1,,ROUTE 1,,
ROUTE 1,,ROUTE 1,,
ROUTE 1,,ROUTE 1,,
ROUTE 1,,ROUTE 1,,
ROUTE 291 HWY,,ROUTE 291,HWY,
ROUTE 291 HWY,,ROUTE 291,HWY,
ROUTE 291 HWY,,ROUTE 291,HWY,
ROUTE 291 HWY,,ROUTE 291,HWY,
ROUTE 291 HWY,,ROUTE 291,HWY,
ROUTE 291 HWY,,ROUTE 291,HWY,
ROUTE 291 HWY,,ROUTE 291,HWY,
ROUTE 291 HWY,,ROUTE 291,HWY,
ROUTE 291 HWY,,ROUTE 291,HWY,
ROUTE 291 HWY,,ROUTE 291,HWY,
ROUTE 291 HWY,,ROUTE 291,HWY,
ROUTE 291 HWY,,ROUTE 291,HWY,
ROUTE 291 HWY,,ROUTE 291,HWY,
ROUTE 291 HWY,,ROUTE 291,HWY,
ROUTE 291 HWY,,ROUTE 291,HWY,
ROUTE 291 HWY,,ROUTE 291,HWY,
ROUTE 291 HWY,,ROUTE 291,HWY,
ROUTE 291,,ROUTE 291,,
ROUTE 291,,ROUTE 291,,
ROUTE 291,,ROUTE 291,,
ROUTE 291,,ROUTE 291,,
ROUTE 291,,ROUTE 291,,
ROUTE 291,,ROUTE 291,,
ROUTE 291,,ROUTE 291,,
ROUTE 291,,ROUTE 291,,
ROUTE 291,,ROUTE 291,,
ROUTE 291,,ROUTE 291,,
ROUTE 291,,ROUTE 291,,
ROUTE 291,,ROUTE 291,,
ROUTE 291,,ROUTE 291,,
ROUTE 291,,ROUTE 291,,
ROUTE 291,,ROUTE 291,,
ROUTE 291,,ROUTE 291,,
ROUTE 291,,ROUTE 291,,
ROUTE 291,,ROUTE 291,,
ROUTE 291,,ROUTE 291,,
ROUTE 291,,ROUTE 291,,
ROUTE 291,,ROUTE 291,,
RUBICAM ST,,RUBICAM,ST,
RUBICAM ST,,RUBICAM,ST,
SCHUYLKILL BANKS TR,,SCHUYLKILL BANKS,TR,
SCHUYLKILL BANKS TR,,SCHUYLKILL BANKS,TR,
SCHUYLKILL BANKS TR,,SCHUYLKILL BANKS,TR,
SHELLY RD,,SHELLY,RD,
SORRENTO RD,,SORRENTO,RD,
STATE HIGHWAY 291 HWY,,STATE HIGHWAY 291,HWY,
STATE HIGHWAY 291 HWY,,STATE HIGHWAY 291,HWY,
STATE HIGHWAY 291 HWY,,STATE HIGHWAY 291,HWY,
STATE HIGHWAY 291 HWY,,STATE HIGHWAY 291,HWY,
STATE HIGHWAY 291 HWY,,STATE HIGHWAY 291,HWY,
STATE HIGHWAY 291 HWY,,STATE HIGHWAY 291,HWY,
STATE HIGHWAY 291 HWY,,STATE HIGHWAY 291,HWY,
STATE HIGHWAY 291 HWY,,STATE HIGHWAY 291,HWY,
STATE HIGHWAY 291 HWY,,STATE HIGHWAY 291,HWY,
STATE HIGHWAY 291 HWY,,STATE HIGHWAY 291,HWY,
STATE HIGHWAY 291 HWY,,STATE HIGHWAY 291,HWY,
STATE HIGHWAY 291 HWY,,STATE HIGHWAY 291,HWY,
STATE HIGHWAY 291 HWY,,STATE HIGHWAY 291,HWY,
STATE HIGHWAY 291 HWY,,STATE HIGHWAY 291,HWY,
STATE HIGHWAY 291 HWY,,STATE HIGHWAY 291,HWY,
STATE HIGHWAY 291 HWY,,STATE HIGHWAY 291,HWY,
STATE HIGHWAY 291 HWY,,STATE HIGHWAY 291,HWY,
E TABOR RD,E,TABOR,RD,
THE ROOSEVELT BLVD,,THE ROOSEVELT,BLVD,
UNIVERSITY AVE,,UNIVERSITY,AVE,
UNIVERSITY AVENUE EXTENSION AVE,,UNIVERSITY AVENUE EXTENSION,AVE,
WEST RIVER DR,,WEST RIVER,DR,
WEST RIVER DR,,WEST RIVER,DR,
WEST RIVER DR,,WEST RIVER,DR,
WEST RIVER DR,,WEST RIVER,DR,
WEST RIVER DR,,WEST RIVER,DR,
WEST RIVER DR,,WEST RIVER,DR,
WEST RIVER DR,,WEST RIVER,DR,
WEST RIVER DR,,WEST RIVER,DR,
WEST RIVER DR,,WEST RIVER,DR,
WEST RIVER DR,,WEST RIVER,DR,
WEST RIVER DR,,WEST RIVER,DR,
WEST RIVER DR,,WEST RIVER,DR,
ZERO ST,,ZERO,ST,
ZERO ST,,ZERO,ST,
ZERO ST,,ZERO,ST,
ZERO ST,,ZERO,ST,
ZERO ST,,ZERO,ST,
ZERO ST,,ZERO,ST,
ZERO ST,,ZERO,ST,
ZERO ST,,ZERO,ST,
ZERO ST,,ZERO,ST,
